firstname,lastname,email,username
Guest user, ,root@localhost,root@localhost
Julie de Jésus,(Renard),srjulie.carmel@gmail.com,srjulie.carmel@gmail.com
Sylviane,ALBENGRES,srmamadlect32@gmail.com,srmamadlect32@gmail.com
sr,Alix,sralixdechristen@gmail.com,sralixdechristen@gmail.com
Elisabeth,Altazin,elisabeth.altazin@gmail.com,elisabeth.altazin@gmail.com
Fredy de Jesús,ARISTIZÁBAL ARISTIZÁBAL,fredydeja@gmail.com,fredydeja@gmail.com
Benoît,Auffret,tyauffret@gmail.com,tyauffret@gmail.com
Magali,Aureche,ephesiens2.4@cmvm.net,ephesiens2.4@cmvm.net
Christelle,Aymard,christelle.aymard7@gmail.com,christelle.aymard7@gmail.com
Delphine,Barat,tb@cmvm.net,tb@cmvm.net
Gilles,Barbier,gilles.barbier0470@orange.fr,gilles.barbier0470@orange.fr
Karine,BARRIERE,karine.carmel@orange.fr,karine.carmel@orange.fr
Florence,Bayle de Jessé,bayledejesse@gmail.com,bayledejesse@gmail.com
PATRICIA,BILL,patricia.bill4@orange.fr,patricia.bill4@orange.fr
Jeanne,Binet,jeanne-binet@hotmail.fr,jeanne-binet@hotmail.fr
Isabelle,Blanc,diplome.ijc.ter@gmail.com,diplome.ijc.ter@gmail.com
Soeur Rose-Myriam,Boda,hosties.carmeltalence@gmail.com,hosties.carmeltalence@gmail.com
helene,boilard,helene.boilard75@gmail.com,helene.boilard75@gmail.com
Sylvain,Boily,sylvain.boily@videotron.ca,sylvain.boily@videotron.ca
sr Véronique,Borg,sr.veronique@carmelduhavre.fr,sr.veronique@carmelduhavre.fr
chantal,bosc,carmelbuissonnets.34@gmail.com,carmelbuissonnets.34@gmail.com
Marie-Ange,Bouet,maria-engel.bouet@orange.fr,maria-engel.bouet@orange.fr
sr Agnès,Bourienne,sr.agnes@carmelduhavre.fr,sr.agnes@carmelduhavre.fr
Virginie,Brault,virginiebrault75@gmail.com,virginiebrault75@gmail.com
Soeur Isabelle-Thérèse,Brois,carmel.angers.ateliers@orange.fr,carmel.angers.ateliers@orange.fr
Sr LUANA,CAETANO DOS SANTOS,ir.luanacaetanocmes@gmail.com,ir.luanacaetanocmes@gmail.com
Communauté,Carmel,carmel-uzes-prieure@orange.fr,carmel-uzes-prieure@orange.fr
Nantes,Carmel,carmelnantesprieure@gmail.com,carmelnantesprieure@gmail.com
Sr Thérèse-Marie,Carmélite,carmelsecretariat@gmail.com,carmelsecretariat@gmail.com
Soeur Marie de la Croix,Carrouée,cdm45m@free.fr,cdm45m@free.fr
Laurent,Cavaliere,cavaliere.laurent@gmail.com,cavaliere.laurent@gmail.com
Laurence,CHADENET,laurence.chadenet@gmail.com,laurence.chadenet@gmail.com
Ronel,Charelus,ronel.charelus@diocese85.org,ronel.charelus@diocese85.org
Michèle,Chartrain,m.chartrain2@laposte.net,m.chartrain2@laposte.net
Raphaëlle,Chauvelot,cdm45k@micy.fr,cdm45k@micy.fr
Françoise,Chevalier,chevalierstutzmann@gmail.com,chevalierstutzmann@gmail.com
Marie-Joëlle,COCO,mariejoellecoco@hotmail.fr,mariejoellecoco@hotmail.fr
Coordination,Coordination IJC,formation@institutjeandelacroix.org,formation@institutjeandelacroix.org
Vincent-Elie,Cormier,postulat.noviciat@gmail.com,postulat.noviciat@gmail.com
Thérèse,CREPIN,carmel2saint-saulve@orange.fr,carmel2saint-saulve@orange.fr
mercedes,d'aleman,mercedesdaleman@gmail.com,mercedesdaleman@gmail.com
Michel,d'Aleman,micheldaleman40@gmail.com,micheldaleman40@gmail.com
Luc,d'Archimbaud,luc.darchimbaud@orange.fr,luc.darchimbaud@orange.fr
Catherine,d'Hérouville,dherouville@wanadoo.fr,dherouville@wanadoo.fr
Patricia,Dafflon,patricia.dafflon@bluewin.ch,patricia.dafflon@bluewin.ch
Gwenola,de Bélizal,gwenoladebelizal@yahoo.fr,gwenoladebelizal@yahoo.fr
Bruno,de Benoist,bruno.de.benoist@orange.fr,bruno.de.benoist@orange.fr
Isabelle,de Chauliac,isabelle.dechauliac@gmail.com,isabelle.dechauliac@gmail.com
Sr Marie,de Jésus,flavicom21@orange.fr,flavicom21@orange.fr
Sr Bénédicte,de Jésus crucifié,cte.carmel.surieu@orange.fr,cte.carmel.surieu@orange.fr
Marie-Pascale,de l'Eglise,economat.forges@orange.fr,economat.forges@orange.fr
Soeur Marie,de la Croix,carmelarsprieure@orange.fr,carmelarsprieure@orange.fr
Françoise,DE LAUZON,fdelauzon@hotmail.fr,fdelauzon@hotmail.fr
Carmel,de Micy-Orléans,carmelmicy@free.fr,carmelmicy@free.fr
soeur Camille,de Saint Joseph,carmelbordeaux@gmail.com,carmelbordeaux@gmail.com
Jean,de Sainte Marie,jeansaintemarie@hotmail.fr,jeansaintemarie@hotmail.fr
Isabelle,Demontis,demontisisabelle@gmail.com,demontisisabelle@gmail.com
gary,denis,gary.denis30@gmail.com,gary.denis30@gmail.com
Elodie,Dewerdt,elodie.dewerdt@wanadoo.fr,elodie.dewerdt@wanadoo.fr
Camille,Divers,carmelbordeaux@mail.com,carmelbordeaux@mail.com
THIERNO PAUL,DODOU,paulthierno@gmail.com,paulthierno@gmail.com
Vincent,du Roure,durourevincent@gmail.com,durourevincent@gmail.com
Benoit,Dubois-Taine,bduboistaine@aol.com,bduboistaine@aol.com
Lionel,DUFFOUR,lionel.duffour@wanadoo.fr,lionel.duffour@wanadoo.fr
Marie,Dugourd,marie.dugourd@gmail.com,marie.dugourd@gmail.com
yann,duhayon,yduhayon@clexpertise.fr,yduhayon@clexpertise.fr
Jeanne,Dumont,jeanne.dumont@yahoo.fr,jeanne.dumont@yahoo.fr
Ghada,El Khoury,ghadakh7@hotmail.com,ghadakh7@hotmail.com
Sr. Thérèse,Espérance,vocation.carmelpontoise@gmail.com,vocation.carmelpontoise@gmail.com
Pierre-Joseph,Faure,fr.pierrejosephocd@gmail.com,fr.pierrejosephocd@gmail.com
Bernadette,Fine,bernadettef31@gmail.com,bernadettef31@gmail.com
Christine,FISANNE,fisannechristine@gmail.com,fisannechristine@gmail.com
Isabelle,Foliot,isabelle.foliot33@gmail.com,isabelle.foliot33@gmail.com
Eugénie,Foucault,eugeniefoucault1@hotmail.fr,eugeniefoucault1@hotmail.fr
Patrick,Fourcade,frere-Patrick@mariemeredesapotres.com,frere-Patrick@mariemeredesapotres.com
Jerome,Fourre,fourre.jerome@orange.fr,fourre.jerome@orange.fr
Laurence,Fraux,frauxlaurence@gmail.com,frauxlaurence@gmail.com
Merav,Freed,meravfreed@wanadoo.fr,meravfreed@wanadoo.fr
Marie-Jo,FRUGNAC,mjo.fdc@gmail.com,mjo.fdc@gmail.com
Raphaëlle,GARON,domevirgocarm@orange.fr,domevirgocarm@orange.fr
Pascal,Geneste,geneste.pascal@yahoo.com,geneste.pascal@yahoo.com
Jean-Denis,GONTHIER,jd.gonthier@laposte.net,jd.gonthier@laposte.net
Xavier,Goulard,xavierstudio@xaviergoulard.com,xavierstudio@xaviergoulard.com
Véronique,Guénot,guenot.veronique@wanadoo.fr,guenot.veronique@wanadoo.fr
Xavier,Guérin,xa.guerin@laposte.net,xa.guerin@laposte.net
Clément,Guermonprez,phil.jeffries@pm.me,phil.jeffries@pm.me
Rose-Marie,Guyonneau,srrosemarieguyonneau@gmail.com,srrosemarieguyonneau@gmail.com
Bernard,Huot,huot.bernard01@orange.fr,huot.bernard01@orange.fr
Iuliana,Husanu,h.teofilia@gmail.com,h.teofilia@gmail.com
Anne de Jésus,Idiartegaray,anne.de.jesus@free.fr,anne.de.jesus@free.fr
Bénédicte,IMBRECHT,sr.benedicte.v-22@orange.fr,sr.benedicte.v-22@orange.fr
Agnès-Marie (Agnieszka),Jarczewska,agnes.marie.ja@gmail.com,agnes.marie.ja@gmail.com
Alexandre,Javaud,alexandrejavaud@gmail.com,alexandrejavaud@gmail.com
Institut,Jean de la Croix,zoom.formation.ijc@gmail.com,zoom.formation.ijc@gmail.com
Véronique,Joly,veronique.joly50@sfr.fr,veronique.joly50@sfr.fr
Alie,Juredieu,alie.juredieu@gmail.com,alie.juredieu@gmail.com
Martine,Kessareff,msf_39@yahoo.fr,msf_39@yahoo.fr
Elise,Klee,belle.nature074@gmail.com,belle.nature074@gmail.com
Valerie,KOMBE MACOS,juliajacquie@gmail.com,juliajacquie@gmail.com
Serge,KOUADIO,sergekouadio@gmail.com,sergekouadio@gmail.com
Marie-Anne,Lacome,coordination.ijc@institutjeandelacroix.org,coordination.ijc@institutjeandelacroix.org
Cécile,Lainé,cecilelaine@outlook.fr,cecilelaine@outlook.fr
Marie Anges,Laize,laizemariedominique@gmail.com,laizemariedominique@gmail.com
Christian,LAMBART,c.lambart@gmail.com,c.lambart@gmail.com
Sylvie,Langlois,sylvielangloisorganiste@gmail.com,sylvielangloisorganiste@gmail.com
Sr Maud de la Miséricorde,Laporte Many,cdm45u@free.fr,cdm45u@free.fr
Sr Marthe-Bénédicte,Latapie,sr.marthe-benedicte@carmelduhavre.fr,sr.marthe-benedicte@carmelduhavre.fr
Ségolène,le BLANC,cdm45o@micy.fr,cdm45o@micy.fr
France,Lebas,cej.beaune@gmail.com,cej.beaune@gmail.com
David,Lebel,lebeld@hotmail.com,lebeld@hotmail.com
Frère Armand,Levillain,directeur.ijc@institutjeandelacroix.org,directeur.ijc@institutjeandelacroix.org
Alain,Llopis,alainllopis@aol.com,alainllopis@aol.com
Edith,Loisel,montmartre.ocd2@orange.fr,montmartre.ocd2@orange.fr
cécile,londeix,cecile.londeix@gmail.com,cecile.londeix@gmail.com
Cécile,LUCAS,chlucas@free.fr,chlucas@free.fr
Agathe,Luce,agatheluce@yahoo.fr,agatheluce@yahoo.fr
Daniel,Machlik,dmac24@laposte.net,dmac24@laposte.net
Léonor,Manso-Tillhet,l.mansotillhet@gmail.com,l.mansotillhet@gmail.com
Isabelle,Marcou,is.marcou@gmail.com,is.marcou@gmail.com
Ludovic-Marie,MARGOT,ludovic-marie@clubmedj.com,ludovic-marie@clubmedj.com
Laurès,Marie Catherine,mariecatherine.laures@cantabile.pro,mariecatherine.laures@cantabile.pro
soeur Dominique de la Resurrection,Marlé,vignecarmel@yahoo.fr,vignecarmel@yahoo.fr
Armelle,Martin,almf235@gmail.com,almf235@gmail.com
Sylvie,Martin,srmarie69lyon@gmail.com,srmarie69lyon@gmail.com
Jésus,Martinez,jesus.martinez@bbox.fr,jesus.martinez@bbox.fr
Sr Laëtitia de l'Enfant Jésus,Michelon,cdm45f@micy.fr,cdm45f@micy.fr
Rachel,Migneault,migrach77@gmail.com,migrach77@gmail.com
Frédéric,NEBOIT-GUILHOT,fredericneboitguilhot@yahoo.fr,fredericneboitguilhot@yahoo.fr
Frère Michel,ocd,frmichel.ocd@gmail.com,frmichel.ocd@gmail.com
Pierre,Ouellette,pierre.ouellette4@yahoo.com,pierre.ouellette4@yahoo.com
Anne-Elisabeth,Paulin,srannelisabeth.lisieux@gmail.com,srannelisabeth.lisieux@gmail.com
Marie-Pauline,Payet,MTpauline14@gmail.com,MTpauline14@gmail.com
Marina,Pech de Laclause,marina.pdelaclause@gmail.com,marina.pdelaclause@gmail.com
Soeur Marie du Coeur de Jésus,Perroud,cdm45i@free.fr,cdm45i@free.fr
Martine,Picard,martinepicard13@yahoo.ca,martinepicard13@yahoo.ca
Céline,Piguel,carmel.frileuse@gmail.com,carmel.frileuse@gmail.com
Frédérique,Plumier,plumier.frederique@neuf.fr,plumier.frederique@neuf.fr
Corine,Pradier,corine.pradier@free.fr,corine.pradier@free.fr
Christophe,Prétot,sablier.18@orange.fr,sablier.18@orange.fr
dominique,quesnot,dominique.quesnot@sfr.fr,dominique.quesnot@sfr.fr
Soeur Marie Catherine,Raimbault,monastere.carmel.christroi@wanadoo.fr,monastere.carmel.christroi@wanadoo.fr
Sylvie,Ranaivoson,sranaivoson2016@gmail.com,sranaivoson2016@gmail.com
Floreine,Remandet,floreineremandet@yahoo.fr,floreineremandet@yahoo.fr
Joanna,Renaut,joanna_renaut@yahoo.com,joanna_renaut@yahoo.com
Anne-Gaëlle,ROBLOT,cdm45p@micy.fr,cdm45p@micy.fr
Anne Marie,ROUILLARD,am.rouillard@auxiliatrices.fr,am.rouillard@auxiliatrices.fr
Monique,Saintot,monique.saintot@orange.fr,monique.saintot@orange.fr
Jean-Mariam,Sauer,fr.jeanmariamdelenfantjesus@gmail.com,fr.jeanmariamdelenfantjesus@gmail.com
Caroline,Savalle,sr.caroline@carmelduhavre.fr,sr.caroline@carmelduhavre.fr
Catherine,Schlenius,cath.schlenius@gmail.com,cath.schlenius@gmail.com
Sarah,Seguin,sarah.seg1@yahoo.com,sarah.seg1@yahoo.com
DOMINIQUE,SIMON,dominicleonmarie@gmail.com,dominicleonmarie@gmail.com
Katalin,Szoke,katalinildiko.ocd@gmail.com,katalinildiko.ocd@gmail.com
Vianney,TAMBURRO,vianney.tamburro.132@gmail.com,vianney.tamburro.132@gmail.com
Antonia,TAMOLE,fooumalae@gmail.com,fooumalae@gmail.com
Clotilde,TERNISIEN,clotildeternisien@free.fr,clotildeternisien@free.fr
Xavier,Ternisien,xternisien@gmail.com,xternisien@gmail.com
Caroline,Thirion,famillethirion77@gmail.com,famillethirion77@gmail.com
Joel,Tondozi,joeltondozi@gmail.com,joeltondozi@gmail.com
Thi Xuan Phuong,TRAM JUREDIEU,tramxphuong@gmail.com,tramxphuong@gmail.com
Marie-Christine,TRAN,ssapalitchi@gmail.com,ssapalitchi@gmail.com
Véronique,tresca,veronique.tresca@wanadoo.fr,veronique.tresca@wanadoo.fr
Martine,TRUTT,m.trutt@wanadoo.fr,m.trutt@wanadoo.fr
Nadia,Turcotte,limonad83@hotmail.com,limonad83@hotmail.com
Sabine,Valles,sabinebv09@gmail.com,sabinebv09@gmail.com
Edith,Van Kalck,edithvankalck@gmail.com,edithvankalck@gmail.com
Marie Anne,Verbeurgt,masyl.verbeurgt@orange.fr,masyl.verbeurgt@orange.fr
Luz-Helena,Verdier,luzh.verdier@outlook.fr,luzh.verdier@outlook.fr
Annick,Verheyde,annick.verheyde@hotmail.fr,annick.verheyde@hotmail.fr
Violaine,VIENNE,violaine.vienne@gmail.com,violaine.vienne@gmail.com
Guillaume,Villatte,pgvillatte@free.fr,pgvillatte@free.fr
Maylis,Villedey,may.villedey@gmail.com,may.villedey@gmail.com
Laurence,Vitoux,laurence.vitoux@free.fr,laurence.vitoux@free.fr
Anne-Claire,Volongo,anneclairejosse@hotmail.com,anneclairejosse@hotmail.com
Lucie,Zajaczkowski,luciefrat3ma@gmail.com,luciefrat3ma@gmail.com